country,platform,year_month,n_videos,views,avg_er,avg_velocity,trend_label
AE,TikTok,2025-01,130,14474636,0.0931968615384615,18357.548923076924,steady
AE,TikTok,2025-02,112,11873208,0.0920056964285714,14471.823839285717,declining
AE,TikTok,2025-03,129,15551725,0.088623503875969,15883.138604651163,rising
AE,TikTok,2025-04,118,9625618,0.0931848305084745,11284.687372881355,declining
AE,TikTok,2025-05,130,12041755,0.092335823076923,12483.08123076923,steady
AE,TikTok,2025-06,120,13084701,0.0929104583333333,14133.511416666668,steady
AE,TikTok,2025-07,122,9695735,0.0928989016393442,9864.65631147541,declining
AE,TikTok,2025-08,131,13364312,0.0943149007633587,14591.37679389313,rising
AE,YouTube,2025-01,71,7303148,0.0564949436619718,14410.628591549295,steady
AE,YouTube,2025-02,67,6411996,0.0493115820895522,15057.44343283582,steady
AE,YouTube,2025-03,73,7439769,0.0515890821917808,15003.074657534244,steady
AE,YouTube,2025-04,71,7655122,0.0502926056338028,13483.790845070424,steady
AE,YouTube,2025-05,90,8883766,0.0487989777777777,12589.82711111111,steady
AE,YouTube,2025-06,81,9443795,0.052403,17991.27962962963,steady
AE,YouTube,2025-07,83,8969316,0.0509633373493975,11906.170361445784,steady
AE,YouTube,2025-08,77,8046965,0.0510385714285714,13286.71025974026,steady
AR,TikTok,2025-01,106,10759928,0.0874376509433962,12673.487075471698,steady
AR,TikTok,2025-02,118,13681227,0.0881009152542372,15963.172796610168,steady
AR,TikTok,2025-03,110,8896846,0.0907346,11370.017454545454,declining
AR,TikTok,2025-04,134,13909146,0.093114843283582,11795.67686567164,rising
AR,TikTok,2025-05,125,13964114,0.087442512,16000.70968,steady
AR,TikTok,2025-06,127,12965590,0.0886590551181102,13742.27874015748,steady
AR,TikTok,2025-07,132,13110883,0.0932116666666666,12910.107196969697,steady
AR,TikTok,2025-08,145,12807622,0.0920109862068965,10568.272689655172,steady
AR,YouTube,2025-01,75,6770102,0.05187228,10479.017866666669,steady
AR,YouTube,2025-02,73,6417242,0.050244808219178,11748.035342465751,steady
AR,YouTube,2025-03,65,5261452,0.0515859692307692,10373.782461538462,declining
AR,YouTube,2025-04,81,7689225,0.0484599135802469,14411.009382716047,rising
AR,YouTube,2025-05,83,6238887,0.0470843614457831,10958.99325301205,declining
AR,YouTube,2025-06,83,8790908,0.0513862168674698,12810.652891566264,rising
AR,YouTube,2025-07,80,8719490,0.0507972125,14809.488625000002,steady
AR,YouTube,2025-08,72,6073888,0.0519976388888888,11674.417083333334,declining
AU,TikTok,2025-01,98,8718723,0.0933772653061224,11648.761836734691,steady
AU,TikTok,2025-02,103,9670150,0.0907781262135922,12795.906213592234,steady
AU,TikTok,2025-03,139,14734356,0.0915608057553956,14190.080863309351,rising
AU,TikTok,2025-04,129,12417420,0.0926265968992248,14223.593488372093,declining
AU,TikTok,2025-05,120,12859948,0.0919384333333333,17617.057083333333,steady
AU,TikTok,2025-06,104,10282287,0.094428298076923,13003.465384615383,declining
AU,TikTok,2025-07,122,13318690,0.091833106557377,14293.203360655738,steady
AU,TikTok,2025-08,120,12439672,0.0927867833333333,16616.407083333335,steady
AU,YouTube,2025-01,88,8945895,0.05143775,11551.437840909091,steady
AU,YouTube,2025-02,65,5464667,0.0499959384615384,9555.283846153843,declining
AU,YouTube,2025-03,86,9630025,0.0509594069767441,17448.778023255814,rising
AU,YouTube,2025-04,82,8137004,0.0491291585365853,13097.330609756098,declining
AU,YouTube,2025-05,71,5650126,0.0502134225352112,9535.665915492958,declining
AU,YouTube,2025-06,71,7337763,0.0492026619718309,13142.75647887324,steady
AU,YouTube,2025-07,74,5983473,0.0502563783783783,10720.913648648648,declining
AU,YouTube,2025-08,71,6980000,0.0524576056338028,13247.338873239438,steady
BR,TikTok,2025-01,112,10133944,0.08792575,13933.260625,steady
BR,TikTok,2025-02,98,9683421,0.0933039795918367,12735.620714285717,steady
BR,TikTok,2025-03,133,12819016,0.0933897293233082,12662.826090225564,rising
BR,TikTok,2025-04,107,13491534,0.0907282056074766,19773.591028037383,steady
BR,TikTok,2025-05,129,14227079,0.0927640232558139,14759.91023255814,steady
BR,TikTok,2025-06,117,11420503,0.0926620256410256,14751.069230769232,declining
BR,TikTok,2025-07,122,11438682,0.0907469344262295,15035.319098360656,steady
BR,TikTok,2025-08,121,12347467,0.0907354297520661,14519.15,steady
BR,YouTube,2025-01,78,7936957,0.0506053333333333,14948.60371794872,steady
BR,YouTube,2025-02,62,5253737,0.0508368387096774,12621.669516129032,declining
BR,YouTube,2025-03,80,8374672,0.0482976375,15418.143125,rising
BR,YouTube,2025-04,91,9190088,0.050927956043956,12818.57054945055,steady
BR,YouTube,2025-05,96,11425847,0.0498072604166666,17333.537604166668,steady
BR,YouTube,2025-06,92,7144811,0.0545806956521739,11902.015326086956,declining
BR,YouTube,2025-07,89,9802918,0.0492937303370786,16683.957528089886,rising
BR,YouTube,2025-08,95,10099643,0.0467812842105263,13108.355263157897,steady
CA,TikTok,2025-01,106,11362059,0.0917827830188679,14129.687924528302,steady
CA,TikTok,2025-02,99,11065886,0.0934963636363636,15027.60191919192,steady
CA,TikTok,2025-03,134,12877581,0.0951544104477612,11468.021940298508,steady
CA,TikTok,2025-04,112,10565301,0.0933792589285714,12931.246875,declining
CA,TikTok,2025-05,139,13211150,0.0929742805755395,12558.109208633094,steady
CA,TikTok,2025-06,117,10519407,0.0900585726495726,12645.775299145298,declining
CA,TikTok,2025-07,130,12356104,0.0918659307692307,13878.887076923078,steady
CA,TikTok,2025-08,123,16810899,0.092936487804878,16186.16674796748,rising
CA,YouTube,2025-01,81,6761030,0.0514675555555555,11242.354567901237,steady
CA,YouTube,2025-02,72,6851956,0.0506865416666666,16544.644166666665,steady
CA,YouTube,2025-03,85,8347711,0.0499804352941176,13749.439411764706,steady
CA,YouTube,2025-04,73,6517402,0.0486382876712328,13891.108767123287,declining
CA,YouTube,2025-05,89,7934258,0.0490161910112359,10940.296404494382,steady
CA,YouTube,2025-06,61,5344959,0.0518242131147541,11722.219016393445,declining
CA,YouTube,2025-07,74,7587124,0.0492408648648648,13486.783378378375,rising
CA,YouTube,2025-08,90,9576179,0.0521048444444444,11647.093111111111,steady
CN,TikTok,2025-01,126,12397751,0.0948052301587301,13525.829126984128,steady
CN,TikTok,2025-02,116,11260565,0.0908840517241379,12845.14801724138,steady
CN,TikTok,2025-03,110,9064009,0.0900543727272727,10750.400363636363,declining
CN,TikTok,2025-04,131,11956380,0.0894018625954198,13992.223358778629,rising
CN,TikTok,2025-05,132,11594708,0.0922865,11922.079772727271,steady
CN,TikTok,2025-06,112,11332235,0.0901801517857142,15324.917767857143,steady
CN,TikTok,2025-07,114,12056017,0.0914407894736842,16596.743333333332,steady
CN,TikTok,2025-08,161,16322546,0.0898778198757764,15016.776397515529,rising
CN,YouTube,2025-01,82,7648750,0.0536975243902438,13904.21792682927,steady
CN,YouTube,2025-02,75,6177062,0.0507038933333333,13537.249866666669,declining
CN,YouTube,2025-03,65,6883216,0.0504362,15846.144,steady
CN,YouTube,2025-04,86,7000140,0.0501158604651162,12742.322906976744,steady
CN,YouTube,2025-05,89,9375597,0.050107011235955,14417.43943820225,rising
CN,YouTube,2025-06,82,8327586,0.0544757073170731,14392.993048780489,steady
CN,YouTube,2025-07,89,9665615,0.0505229101123595,14043.265393258424,steady
CN,YouTube,2025-08,87,8434211,0.0533968735632183,11598.443218390805,steady
CO,TikTok,2025-01,101,9742607,0.0909494851485148,11297.453861386137,steady
CO,TikTok,2025-02,107,10446790,0.0939139813084112,14785.909813084114,steady
CO,TikTok,2025-03,133,13227306,0.0931091052631579,12969.254887218043,steady
CO,TikTok,2025-04,110,12855494,0.0909502181818181,16362.519636363637,steady
CO,TikTok,2025-05,135,14896073,0.0909559555555555,14448.888296296296,steady
CO,TikTok,2025-06,106,10251282,0.0927375094339622,12014.33858490566,declining
CO,TikTok,2025-07,113,11895436,0.0945368407079646,15070.395044247787,steady
CO,TikTok,2025-08,128,11642470,0.0915419765625,15099.1440625,steady
CO,YouTube,2025-01,84,8333990,0.048911488095238,12903.282261904762,steady
CO,YouTube,2025-02,69,7746645,0.0540159275362318,14257.83115942029,steady
CO,YouTube,2025-03,70,6190253,0.0510117999999999,10762.642857142857,declining
CO,YouTube,2025-04,68,7228493,0.051322294117647,16019.984411764704,steady
CO,YouTube,2025-05,91,8554611,0.0498565494505494,13409.27087912088,steady
CO,YouTube,2025-06,80,6607885,0.0520754,11861.08325,declining
CO,YouTube,2025-07,93,10917475,0.0503663225806451,18719.45978494624,rising
CO,YouTube,2025-08,73,5629478,0.0482675616438356,10902.830684931509,declining
DE,TikTok,2025-01,104,13830223,0.0938233557692307,15544.08778846154,steady
DE,TikTok,2025-02,115,15020208,0.0898821913043478,20221.15173913044,steady
DE,TikTok,2025-03,129,11421517,0.0893147906976744,12255.07480620155,declining
DE,TikTok,2025-04,106,11041159,0.0945950471698113,16057.357735849057,steady
DE,TikTok,2025-05,133,12093145,0.0903131052631578,12414.32007518797,steady
DE,TikTok,2025-06,131,12257751,0.0910307175572519,13246.52923664122,steady
DE,TikTok,2025-07,97,9609455,0.0859233298969072,14319.444845360824,declining
DE,TikTok,2025-08,131,14683800,0.0889370305343511,19359.96366412214,rising
DE,YouTube,2025-01,93,9192826,0.0511406021505376,12164.129784946235,steady
DE,YouTube,2025-02,54,5516559,0.0488927222222222,15876.97425925926,declining
DE,YouTube,2025-03,82,7084552,0.0527038292682926,10330.895975609756,steady
DE,YouTube,2025-04,72,7496344,0.0482578333333333,16804.355555555558,steady
DE,YouTube,2025-05,81,10066877,0.0497570987654321,17726.088641975308,rising
DE,YouTube,2025-06,78,6831698,0.0487027948717948,9791.253333333334,declining
DE,YouTube,2025-07,98,10074204,0.0519737857142857,15160.960612244897,rising
DE,YouTube,2025-08,84,10897691,0.0553959285714285,18948.68726190476,steady
EG,TikTok,2025-01,121,11652991,0.0904378925619834,13330.76388429752,steady
EG,TikTok,2025-02,109,10005669,0.0906433486238532,10703.69880733945,steady
EG,TikTok,2025-03,112,12894258,0.0928101785714285,16933.45482142857,steady
EG,TikTok,2025-04,108,9150028,0.091151287037037,10248.72175925926,declining
EG,TikTok,2025-05,108,10084219,0.0928713055555555,11813.494259259258,steady
EG,TikTok,2025-06,134,13561605,0.0938640522388059,15350.079328358208,rising
EG,TikTok,2025-07,105,11260217,0.0916937523809523,15396.95657142857,declining
EG,TikTok,2025-08,125,10865233,0.090452784,11717.14872,steady
EG,YouTube,2025-01,79,7359127,0.0538754050632911,13271.28329113924,steady
EG,YouTube,2025-02,71,8040899,0.049088028169014,13918.421126760564,steady
EG,YouTube,2025-03,79,7522382,0.0523595696202531,14705.69569620253,steady
EG,YouTube,2025-04,88,6559161,0.0521227499999999,10985.972386363635,steady
EG,YouTube,2025-05,67,6054778,0.0483155074626865,9531.856417910449,steady
EG,YouTube,2025-06,76,6405824,0.0502380789473684,9633.651842105264,steady
EG,YouTube,2025-07,75,6748086,0.0512245466666666,10547.842266666668,steady
EG,YouTube,2025-08,84,8614227,0.0532227857142857,14803.25630952381,steady
ES,TikTok,2025-01,124,14501641,0.0925821209677419,18922.34572580645,steady
ES,TikTok,2025-02,106,9249994,0.0917649150943396,10440.0670754717,declining
ES,TikTok,2025-03,128,13571078,0.0937408359375,13702.859375,rising
ES,TikTok,2025-04,130,13526240,0.0907539615384615,17371.835615384614,steady
ES,TikTok,2025-05,132,14040461,0.0950502348484848,14997.327954545455,steady
ES,TikTok,2025-06,110,11861904,0.0906421636363636,18190.40763636364,declining
ES,TikTok,2025-07,113,10820643,0.0873121238938053,15894.537522123894,steady
ES,TikTok,2025-08,133,13242291,0.0929733684210526,14563.286240601505,steady
ES,YouTube,2025-01,83,7754256,0.0517104337349397,13875.059518072288,steady
ES,YouTube,2025-02,55,4841067,0.0486350181818181,11223.727090909091,declining
ES,YouTube,2025-03,69,8122581,0.0500461739130434,15676.557971014492,rising
ES,YouTube,2025-04,82,7132484,0.0524946585365853,10933.661341463414,steady
ES,YouTube,2025-05,74,7732450,0.053793554054054,14856.75635135135,steady
ES,YouTube,2025-06,83,7753993,0.0503715421686747,11647.296626506024,steady
ES,YouTube,2025-07,94,8350710,0.049353914893617,13786.001170212769,steady
ES,YouTube,2025-08,95,11852981,0.052964147368421,13916.978105263155,rising
FR,TikTok,2025-01,102,10274805,0.0916267745098039,15895.833137254902,steady
FR,TikTok,2025-02,127,14700811,0.0927845669291338,15646.864803149609,rising
FR,TikTok,2025-03,130,14126325,0.0958927076923076,15497.818153846154,steady
FR,TikTok,2025-04,141,12403869,0.0901887304964539,11559.203971631208,steady
FR,TikTok,2025-05,120,10737813,0.090638475,10808.894,steady
FR,TikTok,2025-06,115,11806211,0.092398,11574.592521739129,steady
FR,TikTok,2025-07,114,12424534,0.0905432894736842,13569.69350877193,steady
FR,TikTok,2025-08,119,10083793,0.0946958487394958,11182.850588235297,declining
FR,YouTube,2025-01,66,6888405,0.0548002878787878,17730.96378787879,steady
FR,YouTube,2025-02,83,8738204,0.0500062530120481,15290.240963855422,steady
FR,YouTube,2025-03,92,8281156,0.0522237934782608,11811.728152173911,steady
FR,YouTube,2025-04,75,9137479,0.05030508,21862.04333333333,steady
FR,YouTube,2025-05,94,10833211,0.0485275638297872,15498.73680851064,steady
FR,YouTube,2025-06,67,5534132,0.0481031492537313,10580.40671641791,declining
FR,YouTube,2025-07,63,6137362,0.0463087142857142,15502.540476190476,steady
FR,YouTube,2025-08,81,6685036,0.0535492592592592,11241.263580246914,steady
GB,TikTok,2025-01,109,9939983,0.0900324311926605,15510.234495412844,steady
GB,TikTok,2025-02,112,11169258,0.0909702857142857,13980.169910714289,steady
GB,TikTok,2025-03,119,8747883,0.0930363865546218,10706.897899159663,declining
GB,TikTok,2025-04,118,10740941,0.0890649491525423,12273.448983050846,steady
GB,TikTok,2025-05,124,11187973,0.0920515887096774,12306.909516129032,steady
GB,TikTok,2025-06,115,11326428,0.0946671826086956,14098.00704347826,steady
GB,TikTok,2025-07,112,12865523,0.0914746071428571,17266.674285714285,steady
GB,TikTok,2025-08,150,15002372,0.0923165133333333,14367.874133333336,steady
GB,YouTube,2025-01,82,12580310,0.0482129512195122,19061.13085365853,steady
GB,YouTube,2025-02,52,5872263,0.0524092115384615,17371.363653846154,declining
GB,YouTube,2025-03,78,9238024,0.048059282051282,17063.186923076923,rising
GB,YouTube,2025-04,105,10594802,0.050038,14716.06438095238,steady
GB,YouTube,2025-05,89,6944896,0.0492937078651685,9234.443820224718,declining
GB,YouTube,2025-06,77,10126620,0.0521775194805194,21585.35181818181,rising
GB,YouTube,2025-07,89,8320139,0.0517317752808988,12607.383595505617,declining
GB,YouTube,2025-08,68,5624335,0.0505553382352941,11410.171176470589,declining
ID,TikTok,2025-01,113,10313662,0.0916342831858407,12104.55592920354,steady
ID,TikTok,2025-02,110,12884267,0.0909128636363636,19169.704818181817,steady
ID,TikTok,2025-03,116,10557267,0.090870448275862,12780.833706896552,declining
ID,TikTok,2025-04,106,10304508,0.0964774150943396,15666.764433962264,steady
ID,TikTok,2025-05,116,13411088,0.0896059051724137,15897.527068965515,rising
ID,TikTok,2025-06,107,14336533,0.0899654018691588,18208.74588785047,steady
ID,TikTok,2025-07,131,12548831,0.0907180152671755,15122.444045801529,steady
ID,TikTok,2025-08,130,14105505,0.0935101769230769,13320.459615384616,steady
ID,YouTube,2025-01,85,10530591,0.0512366588235294,19900.523294117647,steady
ID,YouTube,2025-02,84,11024899,0.0483412976190476,19021.904642857146,steady
ID,YouTube,2025-03,81,9148930,0.0502935308641975,14599.77049382716,declining
ID,YouTube,2025-04,75,7604952,0.0538800933333333,17669.238266666667,declining
ID,YouTube,2025-05,82,7867567,0.051567731707317,16225.219024390244,steady
ID,YouTube,2025-06,79,6023561,0.0494726962025316,11012.556202531645,declining
ID,YouTube,2025-07,96,9646217,0.0527080833333333,16777.7115625,rising
ID,YouTube,2025-08,96,7701797,0.0514284791666666,10561.168541666666,declining
IN,TikTok,2025-01,111,10650035,0.089671072072072,13232.570990990993,steady
IN,TikTok,2025-02,101,11310928,0.0924013663366336,15705.463663366338,steady
IN,TikTok,2025-03,96,10240977,0.0906487916666666,15965.241354166666,steady
IN,TikTok,2025-04,119,11413642,0.0944091428571428,13034.33974789916,steady
IN,TikTok,2025-05,111,9555372,0.0926069459459459,12366.063603603605,declining
IN,TikTok,2025-06,101,11797123,0.0918624653465346,20023.962673267328,steady
IN,TikTok,2025-07,116,11088415,0.0888858362068965,12891.45396551724,steady
IN,TikTok,2025-08,129,11607204,0.0914166124031007,12567.971317829457,steady
IN,YouTube,2025-01,78,7050967,0.051204423076923,9407.88846153846,steady
IN,YouTube,2025-02,75,7713406,0.0533041333333333,14861.745466666664,steady
IN,YouTube,2025-03,91,8877218,0.0511691978021978,16348.923406593409,steady
IN,YouTube,2025-04,77,8808048,0.0518115714285714,14049.589610389608,steady
IN,YouTube,2025-05,90,8031048,0.0520168666666666,11667.934888888887,steady
IN,YouTube,2025-06,68,4807340,0.0462674558823529,11755.278823529412,declining
IN,YouTube,2025-07,78,8036686,0.0495845128205128,15567.242692307693,rising
IN,YouTube,2025-08,95,7841180,0.0517089263157894,11024.213578947369,steady
IT,TikTok,2025-01,127,11763841,0.0934196299212598,13220.794251968506,steady
IT,TikTok,2025-02,107,10236932,0.0909540934579439,14042.107663551402,steady
IT,TikTok,2025-03,107,10703359,0.0882881962616822,12453.813738317758,steady
IT,TikTok,2025-04,117,10240295,0.0949067948717948,10716.007692307692,steady
IT,TikTok,2025-05,118,11209673,0.0938137033898305,12641.780338983051,steady
IT,TikTok,2025-06,110,10199648,0.0950468090909091,11199.837181818182,steady
IT,TikTok,2025-07,115,13023980,0.0958171304347826,19226.02330434783,steady
IT,TikTok,2025-08,119,12790611,0.0918606890756302,13651.037899159664,steady
IT,YouTube,2025-01,89,8836026,0.0498633707865168,15935.880786516853,steady
IT,YouTube,2025-02,74,8672115,0.0504370135135135,18872.846081081083,steady
IT,YouTube,2025-03,62,6654135,0.047929693548387,12757.63370967742,declining
IT,YouTube,2025-04,76,6655708,0.0526359736842105,10530.497894736842,steady
IT,YouTube,2025-05,87,7289827,0.0516394137931034,12994.043448275865,steady
IT,YouTube,2025-06,88,9359941,0.0487429886363636,13445.480454545455,steady
IT,YouTube,2025-07,79,9094183,0.0500884177215189,16930.82721518987,steady
IT,YouTube,2025-08,82,8233539,0.051473987804878,12496.265,steady
JP,TikTok,2025-01,118,11297480,0.0906894322033898,11844.337118644067,steady
JP,TikTok,2025-02,115,11072754,0.0934533913043478,12972.277652173912,steady
JP,TikTok,2025-03,123,11893282,0.0948380650406504,14646.60105691057,steady
JP,TikTok,2025-04,132,13621559,0.0923831363636363,15700.211287878788,steady
JP,TikTok,2025-05,159,16402055,0.0914476981132075,14286.014842767294,steady
JP,TikTok,2025-06,126,12399951,0.0943029682539682,12133.4,declining
JP,TikTok,2025-07,103,9418617,0.0932004854368932,12005.032621359223,declining
JP,TikTok,2025-08,114,10905109,0.0936388157894736,13520.30350877193,steady
JP,YouTube,2025-01,80,8763495,0.05181265,13844.261,steady
JP,YouTube,2025-02,58,5196416,0.0513297413793103,12305.992413793105,declining
JP,YouTube,2025-03,61,5205529,0.0494539672131147,12650.552950819672,steady
JP,YouTube,2025-04,70,6795970,0.0487214857142857,11810.774142857144,rising
JP,YouTube,2025-05,80,7144082,0.0541892625,11519.486125,steady
JP,YouTube,2025-06,91,8583381,0.0511040439560439,16677.623956043957,steady
JP,YouTube,2025-07,67,5155797,0.0493818805970149,11247.310597014924,declining
JP,YouTube,2025-08,91,9403743,0.0505768021978022,12034.744945054945,rising
KE,TikTok,2025-01,136,12766234,0.0932977058823529,12827.791029411765,steady
KE,TikTok,2025-02,119,11067013,0.0918360672268907,14364.589495798318,steady
KE,TikTok,2025-03,138,13300073,0.0958028260869565,12202.832246376813,steady
KE,TikTok,2025-04,123,10627788,0.0920482195121951,13749.62455284553,declining
KE,TikTok,2025-05,135,18611773,0.0885299925925925,18030.62274074074,rising
KE,TikTok,2025-06,136,13331325,0.0940961911764705,16017.628235294118,declining
KE,TikTok,2025-07,106,8829703,0.0864827641509434,13422.27254716981,declining
KE,TikTok,2025-08,140,13685179,0.0953556071428571,13005.725,rising
KE,YouTube,2025-01,94,9372736,0.0483624361702127,14820.667021276597,steady
KE,YouTube,2025-02,81,8722269,0.0501759135802469,14760.11790123457,steady
KE,YouTube,2025-03,73,9098907,0.0546014383561643,17110.984794520547,steady
KE,YouTube,2025-04,81,6338055,0.051698024691358,10394.241358024692,declining
KE,YouTube,2025-05,78,7298740,0.0505730641025641,9919.928076923075,steady
KE,YouTube,2025-06,78,8166031,0.0501336282051282,13256.251410256413,steady
KE,YouTube,2025-07,80,9391899,0.052949325,18003.166125,steady
KE,YouTube,2025-08,101,7866800,0.0535017326732673,9181.096435643563,declining
KR,TikTok,2025-01,127,11998624,0.0894440787401574,12867.656692913386,steady
KR,TikTok,2025-02,119,12583198,0.0954046050420168,19504.795546218487,steady
KR,TikTok,2025-03,123,17051505,0.0879407804878048,17143.310162601625,rising
KR,TikTok,2025-04,120,11160341,0.0897214416666666,14106.057333333332,declining
KR,TikTok,2025-05,142,17051273,0.0892207957746478,18695.934859154928,rising
KR,TikTok,2025-06,96,8352017,0.09276765625,12468.6528125,declining
KR,TikTok,2025-07,121,12408738,0.0969822975206611,15749.345123966945,rising
KR,TikTok,2025-08,145,12229346,0.0918188896551724,13903.781379310343,steady
KR,YouTube,2025-01,76,6556458,0.0504026842105263,12226.586578947368,steady
KR,YouTube,2025-02,78,10258770,0.0499506538461538,19157.58564102564,rising
KR,YouTube,2025-03,75,7700672,0.0529613066666666,17110.210533333335,declining
KR,YouTube,2025-04,74,6229862,0.0491349594594594,10962.332837837836,declining
KR,YouTube,2025-05,93,7398772,0.0528209139784946,11018.42634408602,steady
KR,YouTube,2025-06,76,7370270,0.0508382105263157,12530.267631578949,steady
KR,YouTube,2025-07,61,4402922,0.0485717704918032,8167.826393442622,declining
KR,YouTube,2025-08,77,5678244,0.0500385064935064,9864.551948051949,steady
MA,TikTok,2025-01,117,10165599,0.089341094017094,12307.335811965811,steady
MA,TikTok,2025-02,107,12261653,0.0933848130841121,17061.120934579438,steady
MA,TikTok,2025-03,131,12236341,0.0912899007633587,13356.598702290075,steady
MA,TikTok,2025-04,110,11340909,0.0926655909090909,13546.150727272729,steady
MA,TikTok,2025-05,105,10088277,0.0952689809523809,16038.293333333331,steady
MA,TikTok,2025-06,120,11460740,0.0886992916666666,13628.983916666668,steady
MA,TikTok,2025-07,117,9908034,0.0921969658119658,12522.773076923077,steady
MA,TikTok,2025-08,139,17064142,0.0934214244604316,18109.61395683453,rising
MA,YouTube,2025-01,74,8095214,0.0505842297297297,16980.03662162162,steady
MA,YouTube,2025-02,91,9091722,0.0520928791208791,13316.686373626371,steady
MA,YouTube,2025-03,72,12480340,0.0495344027777777,23553.853888888887,rising
MA,YouTube,2025-04,79,6159698,0.052018075949367,9377.448734177216,declining
MA,YouTube,2025-05,84,7352853,0.0527658214285714,11443.7775,steady
MA,YouTube,2025-06,80,10459302,0.049019975,16338.452375,rising
MA,YouTube,2025-07,76,6110674,0.0499920657894736,11002.44644736842,declining
MA,YouTube,2025-08,87,9439630,0.0519197931034482,14986.056896551723,rising
MX,TikTok,2025-01,129,12111006,0.0891875193798449,10241.156201550388,steady
MX,TikTok,2025-02,121,12984704,0.0925431570247933,15134.794132231404,steady
MX,TikTok,2025-03,110,11702472,0.0911769454545454,14001.857363636364,steady
MX,TikTok,2025-04,115,10947643,0.0926902608695652,14335.62895652174,steady
MX,TikTok,2025-05,144,13033285,0.0936836597222222,12732.368055555557,steady
MX,TikTok,2025-06,105,11277402,0.0894397904761904,13823.871428571429,steady
MX,TikTok,2025-07,116,11385522,0.0900624913793103,16394.770862068966,steady
MX,TikTok,2025-08,118,12076685,0.0891161440677966,12655.333898305083,steady
MX,YouTube,2025-01,103,11645228,0.0526606504854368,17316.79058252427,steady
MX,YouTube,2025-02,90,11342168,0.0491191,17208.509777777777,steady
MX,YouTube,2025-03,85,6070682,0.0508832470588235,8419.2,declining
MX,YouTube,2025-04,71,5819296,0.0545869859154929,10931.295070422537,steady
MX,YouTube,2025-05,90,7144245,0.0484558444444444,10007.90177777778,steady
MX,YouTube,2025-06,89,9424495,0.0534467977528089,10922.954157303371,rising
MX,YouTube,2025-07,85,8389709,0.0542494823529411,12781.521411764706,steady
MX,YouTube,2025-08,94,9575362,0.0516961382978723,19675.359787234043,steady
NG,TikTok,2025-01,115,10672396,0.089223652173913,12426.436434782609,steady
NG,TikTok,2025-02,116,13403625,0.0902042758620689,17459.306465517242,steady
NG,TikTok,2025-03,130,12457745,0.0913513769230769,16696.652769230768,steady
NG,TikTok,2025-04,110,9824391,0.0934137454545454,12590.306909090908,declining
NG,TikTok,2025-05,127,11892837,0.089162842519685,11754.772992125983,steady
NG,TikTok,2025-06,124,10611425,0.0898292580645161,12075.065483870969,steady
NG,TikTok,2025-07,121,13630656,0.094188347107438,16471.795123966942,steady
NG,TikTok,2025-08,131,11631588,0.0916518320610687,14234.156946564886,steady
NG,YouTube,2025-01,92,7317512,0.0492989456521739,9943.782391304348,steady
NG,YouTube,2025-02,80,9730595,0.050566,15970.753125,rising
NG,YouTube,2025-03,98,8836797,0.0497287040816326,13055.250612244898,steady
NG,YouTube,2025-04,75,7703295,0.0526947466666666,15272.3008,steady
NG,YouTube,2025-05,90,7744162,0.0507514777777777,10297.721444444443,steady
NG,YouTube,2025-06,67,5777290,0.0498377761194029,10010.264925373134,declining
NG,YouTube,2025-07,78,9861691,0.0504549743589743,18154.74051282052,rising
NG,YouTube,2025-08,93,12211177,0.048774505376344,17370.212365591397,steady
NL,TikTok,2025-01,126,11613348,0.0916757777777777,14498.257063492065,steady
NL,TikTok,2025-02,115,12295769,0.0910014695652173,14147.16547826087,steady
NL,TikTok,2025-03,122,13257143,0.090656868852459,13029.463852459015,steady
NL,TikTok,2025-04,97,15383880,0.0879453298969072,22852.837938144326,steady
NL,TikTok,2025-05,140,12920789,0.0890261071428571,11701.944142857144,declining
NL,TikTok,2025-06,129,12931156,0.0897479534883721,14345.626744186047,steady
NL,TikTok,2025-07,101,10209934,0.0920372970297029,15293.14693069307,declining
NL,TikTok,2025-08,123,12539832,0.0896139674796747,13548.319756097562,steady
NL,YouTube,2025-01,76,6180949,0.0496516842105263,11382.78039473684,steady
NL,YouTube,2025-02,77,6916311,0.048496961038961,11218.209350649351,steady
NL,YouTube,2025-03,87,10396510,0.0513957586206896,15041.61459770115,rising
NL,YouTube,2025-04,63,6018619,0.0525431111111111,11154.216031746031,declining
NL,YouTube,2025-05,101,11143107,0.0514497920792079,14569.366633663369,rising
NL,YouTube,2025-06,78,6467585,0.048124923076923,10121.519871794872,declining
NL,YouTube,2025-07,78,7575054,0.0516494999999999,11255.513076923076,steady
NL,YouTube,2025-08,87,6803077,0.0511059885057471,12126.713908045976,steady
PH,TikTok,2025-01,90,8821305,0.0946641333333333,11804.000333333332,steady
PH,TikTok,2025-02,122,15066471,0.0920974918032786,18251.647704918032,rising
PH,TikTok,2025-03,133,12695756,0.0880696992481203,13106.916992481203,declining
PH,TikTok,2025-04,100,9904020,0.0906640299999999,14150.941,declining
PH,TikTok,2025-05,135,15793431,0.0915837037037037,16580.06837037037,rising
PH,TikTok,2025-06,109,10976181,0.0942643853211009,14781.26009174312,declining
PH,TikTok,2025-07,124,13737969,0.0909786693548387,18429.290564516126,steady
PH,TikTok,2025-08,117,9017688,0.094500376068376,11253.095811965812,declining
PH,YouTube,2025-01,66,6391737,0.0504364242424242,10724.75984848485,steady
PH,YouTube,2025-02,78,11647487,0.0512205769230769,14528.933076923076,rising
PH,YouTube,2025-03,80,8476383,0.0534788124999999,16310.786499999998,declining
PH,YouTube,2025-04,63,5892410,0.0526913015873015,12696.43603174603,declining
PH,YouTube,2025-05,90,10294985,0.0520311666666666,12977.966444444444,rising
PH,YouTube,2025-06,78,6654000,0.0495566282051282,10159.893974358974,declining
PH,YouTube,2025-07,84,7474303,0.0488187738095238,11985.667142857144,steady
PH,YouTube,2025-08,79,8746678,0.0522011392405063,13837.999367088609,steady
PL,TikTok,2025-01,136,12611313,0.0901284044117647,13528.720147058822,steady
PL,TikTok,2025-02,95,8349770,0.088908494736842,10474.25094736842,declining
PL,TikTok,2025-03,122,11377585,0.0898866885245901,12719.103032786888,rising
PL,TikTok,2025-04,131,15868020,0.0931923740458015,15535.893893129773,rising
PL,TikTok,2025-05,133,12756020,0.0949358947368421,14445.524887218044,declining
PL,TikTok,2025-06,105,10417339,0.0929707047619047,12542.738380952382,declining
PL,TikTok,2025-07,131,16410598,0.0944438091603053,16686.199083969466,rising
PL,TikTok,2025-08,140,16237141,0.0870545857142857,16559.260285714285,steady
PL,YouTube,2025-01,72,7031485,0.0491955,12861.01347222222,steady
PL,YouTube,2025-02,77,6327076,0.0500935194805194,10852.46974025974,steady
PL,YouTube,2025-03,77,8835647,0.0505663896103896,16602.459090909088,rising
PL,YouTube,2025-04,65,6130370,0.0554845846153846,11869.166461538463,declining
PL,YouTube,2025-05,84,7561513,0.04998925,14490.781190476191,steady
PL,YouTube,2025-06,80,6604994,0.0493964875,9761.124375,steady
PL,YouTube,2025-07,96,8500447,0.0510021458333333,10411.4490625,steady
PL,YouTube,2025-08,94,8826658,0.0495496170212765,15745.264574468085,steady
RU,TikTok,2025-01,104,10102160,0.0934985096153846,12774.768269230768,steady
RU,TikTok,2025-02,117,11313693,0.0888559145299145,10696.461965811966,steady
RU,TikTok,2025-03,108,10946879,0.0939440092592592,15938.453518518518,steady
RU,TikTok,2025-04,112,10499043,0.0920835267857142,13385.744642857142,steady
RU,TikTok,2025-05,115,10302005,0.0882110869565217,13178.321217391303,steady
RU,TikTok,2025-06,110,8606009,0.0916964454545454,11178.744818181818,declining
RU,TikTok,2025-07,119,8507707,0.0940181596638655,9418.802857142857,steady
RU,TikTok,2025-08,144,17364177,0.0904729375,18180.33625,rising
RU,YouTube,2025-01,93,8718343,0.050629817204301,11054.205268817204,steady
RU,YouTube,2025-02,80,7305101,0.051892275,12060.340875,declining
RU,YouTube,2025-03,85,8669585,0.0492957529411764,14887.858117647058,steady
RU,YouTube,2025-04,88,9602785,0.049824159090909,16160.656136363636,steady
RU,YouTube,2025-05,86,9659875,0.0533112093023255,15718.059069767443,steady
RU,YouTube,2025-06,88,10878255,0.0504692954545454,16298.50443181818,steady
RU,YouTube,2025-07,64,6299044,0.049594109375,12948.006875,declining
RU,YouTube,2025-08,96,8536565,0.049997625,13132.5459375,rising
SA,TikTok,2025-01,117,13315409,0.0928792649572649,16984.182564102564,steady
SA,TikTok,2025-02,93,9173323,0.095324817204301,13363.57752688172,declining
SA,TikTok,2025-03,126,11757675,0.0923699285714285,11999.67111111111,steady
SA,TikTok,2025-04,100,9007803,0.09562619,14630.7432,declining
SA,TikTok,2025-05,135,13906761,0.0919649925925926,14665.61725925926,rising
SA,TikTok,2025-06,120,13244371,0.0911453333333333,16423.661333333333,steady
SA,TikTok,2025-07,110,12199163,0.0915217454545454,19180.329,steady
SA,TikTok,2025-08,130,13939272,0.0918350307692307,16616.12323076923,steady
SA,YouTube,2025-01,75,5996614,0.053166,12253.2744,steady
SA,YouTube,2025-02,62,6492063,0.0536385161290322,14682.475161290322,steady
SA,YouTube,2025-03,88,9763543,0.0505123636363636,15707.503750000002,rising
SA,YouTube,2025-04,80,5969692,0.0504494,8944.19325,declining
SA,YouTube,2025-05,92,10203627,0.049325304347826,12835.89956521739,rising
SA,YouTube,2025-06,91,9598353,0.0502172857142857,13089.593516483515,steady
SA,YouTube,2025-07,84,11049115,0.0507615238095238,19603.560714285715,steady
SA,YouTube,2025-08,82,8419741,0.0496920731707317,13525.191097560975,declining
SE,TikTok,2025-01,128,11337732,0.0940720625,12259.54046875,steady
SE,TikTok,2025-02,124,14074336,0.0921185241935483,13818.89629032258,steady
SE,TikTok,2025-03,121,10525814,0.0912180082644628,14957.950991735535,declining
SE,TikTok,2025-04,125,10813922,0.090025872,11929.16104,steady
SE,TikTok,2025-05,132,13692062,0.0932884545454545,15372.281742424242,steady
SE,TikTok,2025-06,125,13758531,0.090760528,13319.76152,steady
SE,TikTok,2025-07,136,12839603,0.0935024338235294,13564.575955882354,steady
SE,TikTok,2025-08,125,8682692,0.094885552,9892.96704,declining
SE,YouTube,2025-01,65,6442449,0.0533192769230769,16258.463999999998,steady
SE,YouTube,2025-02,70,7226586,0.0519348428571428,14232.063857142855,steady
SE,YouTube,2025-03,82,7580634,0.0520051585365853,10255.641585365853,steady
SE,YouTube,2025-04,69,6329871,0.0509914492753623,12313.63,declining
SE,YouTube,2025-05,91,6396759,0.0507501648351648,8127.423516483517,steady
SE,YouTube,2025-06,82,5965049,0.0492735853658536,9262.89012195122,steady
SE,YouTube,2025-07,80,7756395,0.0522467875,15463.841125,rising
SE,YouTube,2025-08,86,7350385,0.0496058720930232,11420.386627906975,steady
TR,TikTok,2025-01,135,10298328,0.0959427851851851,10188.428814814815,steady
TR,TikTok,2025-02,104,11452740,0.0904612307692307,17738.50048076923,steady
TR,TikTok,2025-03,125,11464420,0.09274252,11423.31656,steady
TR,TikTok,2025-04,136,13460765,0.0899355,16072.928455882353,steady
TR,TikTok,2025-05,138,12293211,0.0904342028985507,13249.524710144928,steady
TR,TikTok,2025-06,105,9085637,0.0914588571428571,11641.220761904762,declining
TR,TikTok,2025-07,125,11811922,0.0907783519999999,13318.55376,rising
TR,TikTok,2025-08,140,15171112,0.09208965,16515.644,steady
TR,YouTube,2025-01,88,8369208,0.0481527499999999,12752.660568181816,steady
TR,YouTube,2025-02,85,8163894,0.0519887529411764,16556.214,steady
TR,YouTube,2025-03,100,8727016,0.0514417599999999,12339.7125,steady
TR,YouTube,2025-04,78,8924691,0.0521796794871794,14840.916025641023,steady
TR,YouTube,2025-05,87,7642106,0.0489477126436781,11287.869540229884,steady
TR,YouTube,2025-06,85,7344769,0.0529053411764705,12320.297411764706,steady
TR,YouTube,2025-07,68,5873288,0.0479238088235294,12674.294264705884,declining
TR,YouTube,2025-08,90,8555532,0.0493229555555555,13772.789111111111,rising
US,TikTok,2025-01,127,12878315,0.093127653543307,16863.985433070866,steady
US,TikTok,2025-02,112,9289361,0.0940296160714285,12649.316339285711,declining
US,TikTok,2025-03,127,14027649,0.0897970629921259,12886.050787401577,rising
US,TikTok,2025-04,112,11559038,0.0899674821428571,13412.351964285714,declining
US,TikTok,2025-05,141,12069629,0.0922810141843971,13259.29120567376,steady
US,TikTok,2025-06,111,9587046,0.0912966576576576,14046.674414414416,declining
US,TikTok,2025-07,115,11403491,0.0928957913043478,15461.722260869568,steady
US,TikTok,2025-08,149,13742470,0.0916369731543624,13652.333825503356,steady
US,YouTube,2025-01,96,8394998,0.0517711354166666,13300.946666666665,steady
US,YouTube,2025-02,78,8624924,0.0557591923076923,13780.276282051283,steady
US,YouTube,2025-03,89,8742238,0.0501504494382022,12845.847752808988,steady
US,YouTube,2025-04,66,5324627,0.0510296666666666,12561.59409090909,declining
US,YouTube,2025-05,69,7830707,0.0507854492753623,18466.64217391305,rising
US,YouTube,2025-06,82,8079263,0.0498130365853658,12838.113902439023,steady
US,YouTube,2025-07,55,5250320,0.0531258727272727,13265.450727272728,declining
US,YouTube,2025-08,85,9422558,0.0520578352941176,14402.156705882351,rising
ZA,TikTok,2025-01,103,9748602,0.0910514563106796,16863.938252427182,steady
ZA,TikTok,2025-02,109,9758886,0.0891444403669724,13015.707339449542,steady
ZA,TikTok,2025-03,118,9543895,0.0915052711864406,11198.805084745763,steady
ZA,TikTok,2025-04,120,10380699,0.0928242416666666,11460.881833333337,steady
ZA,TikTok,2025-05,127,13299059,0.089106031496063,13765.686141732283,steady
ZA,TikTok,2025-06,110,11338936,0.0915325545454545,16644.745545454545,steady
ZA,TikTok,2025-07,126,12035306,0.090426992063492,11126.070793650792,steady
ZA,TikTok,2025-08,121,11990723,0.0932841900826446,11376.096446280992,steady
ZA,YouTube,2025-01,87,9182797,0.0502317471264367,17585.000574712645,steady
ZA,YouTube,2025-02,77,5626982,0.0502084025974026,9894.553376623377,declining
ZA,YouTube,2025-03,83,9118985,0.0522909036144578,13375.312891566266,rising
ZA,YouTube,2025-04,76,6748722,0.0554310131578947,14162.785789473684,declining
ZA,YouTube,2025-05,90,8986166,0.0487514888888888,10996.790444444445,rising
ZA,YouTube,2025-06,61,5444650,0.0489031967213114,13388.686721311477,declining
ZA,YouTube,2025-07,64,6489859,0.050448109375,16987.705,steady
ZA,YouTube,2025-08,82,7245449,0.0510697073170731,10553.309390243903,steady
